feature,importance
std_11th_delta,4.870530599124954
std_5th_delta_delta,3.2373863688419395
mean_MFCC_6th_coef,2.2401855108457625
std_MFCC_12th_coef,2.179641172318833
std_4th_delta_delta,1.9026838550680512
tqwt_entropy_log_dec_26,1.4529335969414376
tqwt_medianValue_dec_32,1.2936041623395835
tqwt_entropy_shannon_dec_20,1.2749050440481087
mean_MFCC_1st_coef,1.2514812754665923
mean_MFCC_3rd_coef,1.224217005355448
tqwt_medianValue_dec_7,1.2175883582330138
tqwt_TKEO_std_dec_12,1.0321082576625882
tqwt_energy_dec_6,0.9506037522000387
tqwt_skewnessValue_dec_28,0.9498253781264654
std_5th_delta,0.9405394915339277
std_6th_delta_delta,0.9126035881474339
app_LT_TKEO_std_3_coef,0.9003232383200648
tqwt_kurtosisValue_dec_8,0.7939448977195644
tqwt_TKEO_mean_dec_4,0.7636414247848199
tqwt_skewnessValue_dec_31,0.7578756855205983
tqwt_minValue_dec_8,0.7489549947137742
app_det_TKEO_mean_3_coef,0.7445464211903845
tqwt_maxValue_dec_8,0.7443099992061114
tqwt_TKEO_mean_dec_5,0.7393931125441859
tqwt_skewnessValue_dec_19,0.7358739774743718
tqwt_maxValue_dec_30,0.7244309972634928
IMF_NSR_TKEO,0.7112614080940302
tqwt_entropy_log_dec_35,0.7009557036065319
std_3rd_delta,0.6777462188457931
tqwt_energy_dec_2,0.6507908722156955
tqwt_TKEO_mean_dec_10,0.6503539246337572
std_MFCC_3rd_coef,0.5816940473156043
tqwt_TKEO_mean_dec_25,0.5580998453361626
tqwt_entropy_shannon_dec_21,0.5575397588581397
tqwt_entropy_shannon_dec_11,0.5573959529421578
tqwt_TKEO_std_dec_11,0.5515631916894749
std_10th_delta,0.5506527703436985
mean_delta_log_energy,0.5397015917881562
std_7th_delta,0.532025020266602
tqwt_entropy_shannon_dec_30,0.5257900233133573
tqwt_entropy_shannon_dec_22,0.5232027046336901
tqwt_TKEO_std_dec_4,0.5192795343453472
app_TKEO_std_1_coef,0.5150686159851289
app_entropy_log_2_coef,0.48948054266222285
mean_MFCC_7th_coef,0.4747372459844249
tqwt_medianValue_dec_4,0.47219956415437725
app_TKEO_std_2_coef,0.45169568844094443
IMF_SNR_TKEO,0.4502801804153326
tqwt_TKEO_mean_dec_26,0.4499545045543288
tqwt_entropy_shannon_dec_8,0.4430847402173948
id,0.4410273605155475
app_LT_TKEO_mean_4_coef,0.4326354899650851
mean_MFCC_12th_coef,0.4291544541901192
tqwt_energy_dec_20,0.42696738333718587
tqwt_kurtosisValue_dec_25,0.4260851877366894
tqwt_kurtosisValue_dec_17,0.4238645171509297
tqwt_stdValue_dec_16,0.4212553790637252
tqwt_medianValue_dec_27,0.4186711893305577
tqwt_maxValue_dec_36,0.4174226887098169
meanNoiseToHarmHarmonicity,0.4091071617236625
app_LT_TKEO_mean_10_coef,0.40810711225595536
std_8th_delta_delta,0.4072577195321052
tqwt_stdValue_dec_24,0.3920369812925955
tqwt_stdValue_dec_34,0.3894071818353574
tqwt_maxValue_dec_35,0.388277357139349
tqwt_minValue_dec_2,0.3854885457516494
f1,0.38214211967555256
app_LT_entropy_shannon_3_coef,0.3769497359148991
app_LT_entropy_shannon_7_coef,0.3687591818660718
app_LT_TKEO_mean_8_coef,0.36450376395538525
tqwt_medianValue_dec_17,0.3566028169316884
tqwt_entropy_shannon_dec_7,0.35596927719800636
app_entropy_log_6_coef,0.3434238996005394
std_7th_delta_delta,0.3424748556511536
mean_delta_delta_log_energy,0.33874302109644433
tqwt_entropy_shannon_dec_1,0.33820360013674744
tqwt_skewnessValue_dec_35,0.3354104536652082
tqwt_minValue_dec_10,0.33282945391367974
tqwt_skewnessValue_dec_30,0.31823290494946743
tqwt_skewnessValue_dec_34,0.31822444703646924
tqwt_entropy_log_dec_12,0.314592464313119
tqwt_entropy_log_dec_36,0.3137657599577214
tqwt_kurtosisValue_dec_9,0.30386614909050175
tqwt_entropy_log_dec_5,0.2998867167071326
mean_MFCC_8th_coef,0.298579908478126
app_det_TKEO_mean_2_coef,0.29141071575642147
std_MFCC_5th_coef,0.28648733156280165
tqwt_TKEO_mean_dec_20,0.2846581614103152
tqwt_skewnessValue_dec_29,0.2839854052427371
app_det_TKEO_mean_7_coef,0.2763682673384913
tqwt_kurtosisValue_dec_1,0.27353828525648316
tqwt_entropy_log_dec_6,0.2715203509994015
tqwt_entropy_shannon_dec_28,0.2683428162472826
tqwt_maxValue_dec_12,0.2681485280356154
maxIntensity,0.2677279007733961
tqwt_stdValue_dec_6,0.26563396241283166
tqwt_entropy_log_dec_21,0.26413069053271365
tqwt_skewnessValue_dec_32,0.2623149032610312
app_LT_entropy_log_4_coef,0.25811922128920695
b1,0.2576962382918993
tqwt_entropy_shannon_dec_31,0.25679098999815964
mean_MFCC_2nd_coef,0.25610186733235707
tqwt_skewnessValue_dec_3,0.2560363590347414
tqwt_kurtosisValue_dec_18,0.2555284093300427
app_LT_entropy_shannon_8_coef,0.25376814477422277
tqwt_minValue_dec_9,0.2511933440093203
tqwt_kurtosisValue_dec_19,0.2488774454043228
tqwt_energy_dec_13,0.2475871424266975
tqwt_energy_dec_1,0.24699297466427886
tqwt_stdValue_dec_9,0.24461212968170468
tqwt_stdValue_dec_32,0.24221427846600938
tqwt_energy_dec_19,0.23811638678453534
tqwt_TKEO_mean_dec_11,0.23743565025686192
app_LT_entropy_log_10_coef,0.2363376114088002
det_LT_entropy_shannon_4_coef,0.23264613232607703
tqwt_entropy_shannon_dec_26,0.23013866682142298
std_MFCC_2nd_coef,0.22814361103054667
tqwt_minValue_dec_1,0.22318224742306972
mean_12th_delta_delta,0.22251963711651557
locPctJitter,0.22243249716531707
app_TKEO_std_4_coef,0.22190164269348575
app_LT_entropy_shannon_5_coef,0.2208348560300063
tqwt_entropy_shannon_dec_13,0.21832975594063894
app_LT_TKEO_mean_3_coef,0.21679991271203924
tqwt_stdValue_dec_10,0.21670906177985472
tqwt_meanValue_dec_12,0.21634835736854144
std_3rd_delta_delta,0.21357985036005311
tqwt_entropy_log_dec_25,0.20955553743882757
tqwt_energy_dec_36,0.20946040013082767
mean_0th_delta,0.20745267244802554
locAbsJitter,0.20546789239150123
tqwt_kurtosisValue_dec_24,0.20282510793748548
tqwt_TKEO_mean_dec_3,0.20165768746056795
tqwt_energy_dec_34,0.20145875273532468
tqwt_medianValue_dec_9,0.20046717526354263
tqwt_entropy_shannon_dec_16,0.1942765320439459
tqwt_stdValue_dec_8,0.19306024657903686
tqwt_energy_dec_14,0.19298548303349092
std_2nd_delta,0.19241769106765397
app_entropy_shannon_3_coef,0.19067354184209392
app_LT_TKEO_mean_2_coef,0.19038953858717306
tqwt_TKEO_std_dec_8,0.18991604446972238
tqwt_medianValue_dec_1,0.18931439589989887
tqwt_entropy_log_dec_33,0.18842496098544675
tqwt_stdValue_dec_3,0.1846272220929712
tqwt_energy_dec_28,0.18446909270261674
tqwt_TKEO_mean_dec_35,0.1814722766151179
app_entropy_shannon_6_coef,0.1811430556638613
tqwt_energy_dec_21,0.17846358996031048
tqwt_energy_dec_18,0.17794813424286574
std_9th_delta_delta,0.17499420652091863
tqwt_kurtosisValue_dec_2,0.1749023620186867
tqwt_entropy_log_dec_10,0.17261958194761634
tqwt_entropy_log_dec_20,0.17250200988107672
f3,0.17183610528357837
det_entropy_log_1_coef,0.17112586669931215
f2,0.17035204142074917
IMF_NSR_SEO,0.1700364818486064
tqwt_maxValue_dec_34,0.16530054430650476
tqwt_TKEO_mean_dec_33,0.1629196453423976
tqwt_minValue_dec_17,0.16209549172051768
app_LT_TKEO_mean_1_coef,0.1613093501089752
tqwt_skewnessValue_dec_21,0.16052338870032354
tqwt_TKEO_std_dec_9,0.15877783565049924
tqwt_medianValue_dec_8,0.15824099452490364
tqwt_TKEO_mean_dec_36,0.15418971557914357
app_LT_entropy_log_5_coef,0.15416793304694162
tqwt_stdValue_dec_7,0.15328418676052416
tqwt_kurtosisValue_dec_11,0.1515922674618109
tqwt_energy_dec_23,0.1508736996069548
tqwt_kurtosisValue_dec_3,0.1497723022825471
tqwt_TKEO_std_dec_28,0.14916756471544532
det_TKEO_mean_3_coef,0.1483096294970371
tqwt_medianValue_dec_21,0.14769462162097302
GNE_NSR_TKEO,0.14763676900836972
tqwt_energy_dec_12,0.14694685516065495
tqwt_kurtosisValue_dec_16,0.14676929175561315
mean_1st_delta_delta,0.14664889552262725
tqwt_skewnessValue_dec_1,0.1459501338996046
tqwt_energy_dec_16,0.14569006375067034
tqwt_entropy_shannon_dec_10,0.14528813007692823
meanAutoCorrHarmonicity,0.1450341220355498
tqwt_stdValue_dec_22,0.14424344941255246
app_LT_TKEO_mean_9_coef,0.1438998352279299
std_MFCC_0th_coef,0.14359259429992144
tqwt_meanValue_dec_9,0.14308246437222866
std_6th_delta,0.14274085891049196
tqwt_kurtosisValue_dec_23,0.14226144057747753
tqwt_TKEO_std_dec_19,0.1402153805897465
det_LT_TKEO_std_10_coef,0.139255724147979
app_entropy_log_5_coef,0.1378848419763969
GQ_prc5_95,0.13771856054915407
tqwt_energy_dec_24,0.1368815899148363
f4,0.136873391269539
std_2nd_delta_delta,0.13381465784267116
tqwt_stdValue_dec_17,0.13326376908997425
app_TKEO_std_3_coef,0.13094686038013134
ppq5Jitter,0.12975756581495837
tqwt_entropy_log_dec_11,0.12839407374295428
mean_MFCC_4th_coef,0.12761791494636526
app_entropy_shannon_9_coef,0.1260895452586387
app_LT_entropy_log_8_coef,0.12569019755964048
mean_MFCC_10th_coef,0.12451976388386447
tqwt_entropy_log_dec_13,0.12432899714886869
numPulses,0.12221807139573237
tqwt_entropy_shannon_dec_5,0.12185765899968311
tqwt_TKEO_std_dec_17,0.12171571002080254
tqwt_TKEO_std_dec_25,0.12017161822689999
app_TKEO_std_6_coef,0.12000591895885646
minIntensity,0.11986974272321924
tqwt_meanValue_dec_8,0.11965109663675551
app_entropy_log_4_coef,0.1194988983607315
app_LT_TKEO_std_9_coef,0.11942643088136665
tqwt_maxValue_dec_28,0.11891417295152983
mean_MFCC_9th_coef,0.11848635166154169
tqwt_TKEO_std_dec_2,0.11820901318498105
tqwt_skewnessValue_dec_16,0.11761958196511516
tqwt_medianValue_dec_10,0.11574327880243118
tqwt_entropy_log_dec_28,0.11544364017220564
tqwt_energy_dec_35,0.11468512441041737
stdDevPeriodPulses,0.11447539906181252
tqwt_meanValue_dec_25,0.11377981483495699
tqwt_medianValue_dec_22,0.11366975014877911
app_det_TKEO_mean_10_coef,0.11240090844596624
tqwt_entropy_log_dec_18,0.11235830929750154
tqwt_stdValue_dec_25,0.11112500829901044
app_LT_entropy_log_2_coef,0.11111021267307
tqwt_medianValue_dec_15,0.11096089898900167
tqwt_entropy_shannon_dec_23,0.11078602424334089
app_LT_entropy_shannon_6_coef,0.11071360115972691
mean_Log_energy,0.10973477685666172
tqwt_maxValue_dec_24,0.10956282208374614
gender,0.10948766350572531
tqwt_minValue_dec_11,0.10922482516957076
tqwt_maxValue_dec_18,0.10921611176875172
det_LT_TKEO_std_4_coef,0.10711126616938095
tqwt_stdValue_dec_19,0.10665691401254691
tqwt_skewnessValue_dec_36,0.10659086597651617
tqwt_skewnessValue_dec_27,0.10535526181807414
tqwt_maxValue_dec_4,0.10385287981210643
tqwt_stdValue_dec_18,0.10319982978428224
mean_5th_delta,0.10301234631468884
tqwt_maxValue_dec_15,0.10271305672844633
app_LT_TKEO_std_10_coef,0.10153443865261913
ddpJitter,0.10025567103871316
tqwt_minValue_dec_13,0.09993633742160662
GNE_std,0.09938356368756321
app_LT_entropy_shannon_1_coef,0.09841402379727417
GQ_std_cycle_closed,0.09795634993751011
tqwt_energy_dec_26,0.09770141897840537
meanIntensity,0.09765331376684862
tqwt_meanValue_dec_4,0.09509255642338901
det_TKEO_std_8_coef,0.09492524523149105
tqwt_skewnessValue_dec_10,0.09470149870157887
tqwt_kurtosisValue_dec_21,0.093174142813286
tqwt_maxValue_dec_11,0.0930435525919548
tqwt_meanValue_dec_20,0.09241903999555892
std_12th_delta,0.09240330036615282
tqwt_medianValue_dec_36,0.09114237510792664
app_LT_entropy_log_1_coef,0.0907360077705704
tqwt_TKEO_mean_dec_16,0.08989745783816219
tqwt_TKEO_std_dec_10,0.08971347894217616
tqwt_entropy_log_dec_3,0.08958984777692698
mean_MFCC_11th_coef,0.08868277892520468
tqwt_TKEO_std_dec_5,0.08792819229539332
VFER_NSR_TKEO,0.08740120095278593
tqwt_meanValue_dec_27,0.08697018244611344
std_delta_delta_0th,0.08571616268262573
mean_2nd_delta,0.08560109108413269
tqwt_entropy_log_dec_14,0.08503230517170637
tqwt_TKEO_std_dec_1,0.08477916474394617
tqwt_energy_dec_25,0.08413260472133438
meanPeriodPulses,0.08280212522758669
mean_7th_delta_delta,0.08222901807465212
tqwt_skewnessValue_dec_26,0.08141014096388215
det_entropy_shannon_8_coef,0.0811737299889093
mean_2nd_delta_delta,0.07984526760026936
tqwt_TKEO_mean_dec_19,0.07904828356261252
tqwt_minValue_dec_33,0.07861392665233889
app_det_TKEO_mean_5_coef,0.07844923946252448
tqwt_entropy_log_dec_9,0.07844279892039774
det_TKEO_mean_8_coef,0.07747932916004496
numPeriodsPulses,0.07587566250510396
tqwt_skewnessValue_dec_24,0.07504652402342545
GNE_NSR_SEO,0.07406075754283849
tqwt_entropy_shannon_dec_9,0.07387385219252228
GNE_SNR_TKEO,0.07369931775473924
det_LT_TKEO_mean_2_coef,0.07154901230755203
det_LT_entropy_shannon_8_coef,0.07073922156663197
app_det_TKEO_mean_1_coef,0.06964806074415988
tqwt_energy_dec_7,0.06961597680326333
det_TKEO_mean_10_coef,0.06878005542761109
tqwt_kurtosisValue_dec_13,0.06800926805055015
tqwt_entropy_shannon_dec_2,0.0679354144537767
tqwt_kurtosisValue_dec_20,0.06793116787805364
tqwt_entropy_shannon_dec_25,0.06758967159499388
std_0th_delta,0.06694986895192176
tqwt_energy_dec_11,0.0661602232262161
std_delta_delta_log_energy,0.06551493315541404
app_LT_entropy_shannon_10_coef,0.06545697545926259
tqwt_TKEO_mean_dec_7,0.06466841921799875
det_entropy_log_5_coef,0.06402464953765015
tqwt_entropy_shannon_dec_18,0.06344536449631524
tqwt_minValue_dec_25,0.06343155613814701
GQ_std_cycle_open,0.06330045638632016
app_LT_TKEO_std_4_coef,0.06288148575221585
tqwt_skewnessValue_dec_14,0.0625167369128039
std_9th_delta,0.06251184884437429
tqwt_meanValue_dec_11,0.06213541602715713
det_LT_TKEO_std_9_coef,0.062058889013736504
tqwt_meanValue_dec_24,0.061882690554280605
tqwt_entropy_shannon_dec_4,0.061646523190587305
tqwt_meanValue_dec_18,0.06127565958840683
tqwt_maxValue_dec_13,0.06062667881194339
tqwt_TKEO_std_dec_23,0.05990876419412908
tqwt_stdValue_dec_31,0.05981197966044693
tqwt_stdValue_dec_36,0.0597804256621744
tqwt_entropy_log_dec_27,0.05896697086520823
app_LT_entropy_log_3_coef,0.05896040816640796
tqwt_entropy_shannon_dec_29,0.058889087110740986
tqwt_minValue_dec_35,0.05872649418692575
std_10th_delta_delta,0.058725924595429566
tqwt_entropy_shannon_dec_14,0.058334978081033655
tqwt_meanValue_dec_19,0.05809857272449457
det_TKEO_mean_7_coef,0.05805317896121775
std_8th_delta,0.05797942940699262
tqwt_entropy_log_dec_19,0.05796848684490371
tqwt_energy_dec_22,0.057968157363888904
tqwt_meanValue_dec_28,0.057100947941502986
tqwt_entropy_shannon_dec_6,0.0562880735102825
tqwt_stdValue_dec_5,0.0562612215341658
VFER_entropy,0.05615037198203462
app_LT_TKEO_std_5_coef,0.05566617462572023
tqwt_TKEO_mean_dec_14,0.05564973489169529
det_entropy_log_8_coef,0.055425374391173454
tqwt_medianValue_dec_6,0.055268558483617405
tqwt_kurtosisValue_dec_15,0.055220249108640304
tqwt_minValue_dec_32,0.05500272741507999
tqwt_minValue_dec_20,0.05492521061162556
mean_8th_delta_delta,0.05491139748020995
tqwt_TKEO_mean_dec_9,0.05442382189804472
app_entropy_shannon_5_coef,0.05434371702840274
tqwt_kurtosisValue_dec_22,0.054303569172393325
tqwt_maxValue_dec_2,0.05381411347466827
app_det_TKEO_mean_9_coef,0.053577744990691116
det_entropy_shannon_4_coef,0.053554360699868415
tqwt_meanValue_dec_32,0.053339284484566575
std_4th_delta,0.05327186716649273
tqwt_TKEO_std_dec_13,0.05297143680620046
tqwt_entropy_log_dec_29,0.052950535271448794
tqwt_maxValue_dec_9,0.052715744111023685
mean_3rd_delta,0.05262480026202465
tqwt_stdValue_dec_15,0.05247316745031705
tqwt_medianValue_dec_34,0.052373118679985765
tqwt_skewnessValue_dec_6,0.05227359979601017
tqwt_entropy_shannon_dec_27,0.05208191862535796
tqwt_meanValue_dec_17,0.05208112078491454
app_TKEO_std_7_coef,0.051987337324566806
tqwt_TKEO_mean_dec_15,0.05113069549399115
tqwt_TKEO_mean_dec_6,0.050692791434726964
tqwt_medianValue_dec_19,0.05063452530521109
std_MFCC_1st_coef,0.0503407888475569
app_entropy_log_3_coef,0.04961989876689549
tqwt_maxValue_dec_10,0.049115095080453385
std_1st_delta_delta,0.04884841165457453
tqwt_energy_dec_17,0.047401679183014335
tqwt_entropy_shannon_dec_35,0.046811118277660456
tqwt_TKEO_mean_dec_21,0.046661038722109416
app_entropy_log_1_coef,0.04364421264972895
tqwt_stdValue_dec_21,0.04351460415868731
tqwt_TKEO_std_dec_7,0.04350297375428082
tqwt_entropy_shannon_dec_36,0.043317229500094284
tqwt_stdValue_dec_29,0.04302443314023529
locDbShimmer,0.04243680582738437
tqwt_medianValue_dec_29,0.042416117375720874
tqwt_entropy_shannon_dec_24,0.04227646906807259
tqwt_TKEO_mean_dec_29,0.04222052192444924
det_entropy_shannon_6_coef,0.04210486638209915
Ed_1_coef,0.04202161837259826
tqwt_entropy_log_dec_31,0.041757851657798294
tqwt_stdValue_dec_30,0.040914522744098805
tqwt_medianValue_dec_25,0.04088608978120213
GNE_SNR_SEO,0.04059955108612439
det_LT_entropy_shannon_1_coef,0.039809345844916695
RPDE,0.03980524980404628
std_MFCC_10th_coef,0.03959973077963122
app_LT_TKEO_mean_7_coef,0.039274245456524456
tqwt_maxValue_dec_5,0.03906548425505472
app_TKEO_std_5_coef,0.03859602209267814
app_LT_TKEO_std_6_coef,0.03847977390213444
tqwt_kurtosisValue_dec_6,0.03733244080942068
tqwt_stdValue_dec_2,0.03702593247626453
tqwt_skewnessValue_dec_23,0.03634793121150623
tqwt_medianValue_dec_26,0.03618269759131659
std_MFCC_11th_coef,0.035652153176766586
tqwt_TKEO_std_dec_35,0.03549955928188777
Ed_9_coef,0.03538026912483904
det_LT_TKEO_mean_7_coef,0.035338086519890594
tqwt_meanValue_dec_2,0.03476407492218486
app_LT_TKEO_std_2_coef,0.03468288084680477
det_LT_TKEO_mean_4_coef,0.03466246576727527
tqwt_TKEO_mean_dec_23,0.034226611094414085
Ed_6_coef,0.03337241049775902
GNE_mean,0.03314673792740151
tqwt_maxValue_dec_21,0.03301707874035083
det_LT_entropy_log_1_coef,0.032707160238897644
tqwt_skewnessValue_dec_17,0.032379482230165145
IMF_SNR_entropy,0.0323641340262819
tqwt_meanValue_dec_7,0.032270958653452454
Ed2_8_coef,0.031986385993893286
Ed_2_coef,0.03148349028145482
std_12th_delta_delta,0.030748407063539252
tqwt_TKEO_std_dec_32,0.030643783076922046
tqwt_maxValue_dec_7,0.030635234134713484
tqwt_skewnessValue_dec_12,0.030372091848326833
tqwt_meanValue_dec_21,0.0303304861037672
tqwt_entropy_shannon_dec_12,0.030222010262434054
tqwt_TKEO_std_dec_29,0.030145478822336393
tqwt_energy_dec_4,0.030090682220837446
mean_4th_delta,0.030029454502104033
tqwt_TKEO_std_dec_27,0.029862138595803035
det_LT_entropy_shannon_6_coef,0.02985713880546561
tqwt_energy_dec_10,0.029306127209527574
tqwt_stdValue_dec_14,0.0290479278567278
mean_11th_delta_delta,0.028904728975285208
mean_10th_delta,0.028563283849427603
tqwt_medianValue_dec_31,0.028521914991495964
tqwt_energy_dec_31,0.02833803842481975
tqwt_entropy_log_dec_34,0.02812932877573657
tqwt_entropy_log_dec_17,0.028118078089106574
std_MFCC_6th_coef,0.02796406323127621
tqwt_stdValue_dec_26,0.027776394145141138
Ed2_1_coef,0.027748675728423166
tqwt_minValue_dec_14,0.0271225122491186
det_entropy_shannon_9_coef,0.026852488276772835
app_entropy_shannon_10_coef,0.026845459094244538
tqwt_minValue_dec_29,0.026614831896858444
Ed2_10_coef,0.026528446974854472
tqwt_TKEO_std_dec_18,0.026428574850935273
det_entropy_shannon_10_coef,0.02597481674341001
tqwt_minValue_dec_16,0.025930481205468328
tqwt_TKEO_mean_dec_8,0.025922480077985092
tqwt_maxValue_dec_1,0.02591050779491418
tqwt_maxValue_dec_16,0.02586234988387277
tqwt_minValue_dec_15,0.024581094817433785
tqwt_TKEO_std_dec_6,0.024513539326892073
apq11Shimmer,0.023048178237435425
tqwt_minValue_dec_23,0.022652692807561013
tqwt_minValue_dec_6,0.022356892680162527
Ed2_4_coef,0.022317601273417337
tqwt_meanValue_dec_5,0.022079309074240765
tqwt_entropy_log_dec_15,0.021860975999578824
det_LT_entropy_log_5_coef,0.02182488620855673
tqwt_kurtosisValue_dec_12,0.02058455489815277
Ed_8_coef,0.020040507920564967
det_LT_TKEO_mean_10_coef,0.019874019125234853
tqwt_entropy_log_dec_24,0.019013519672723817
tqwt_TKEO_std_dec_26,0.018568124361997396
tqwt_minValue_dec_19,0.018313499704669767
tqwt_entropy_log_dec_1,0.018082274958484006
det_entropy_log_2_coef,0.01792710949651499
det_entropy_shannon_7_coef,0.017556337666132734
tqwt_meanValue_dec_36,0.016674481916240966
tqwt_energy_dec_29,0.01651353496408843
tqwt_medianValue_dec_28,0.016442931807044172
tqwt_skewnessValue_dec_22,0.01635796840345178
tqwt_stdValue_dec_35,0.0159923080438151
tqwt_energy_dec_5,0.01571602507090904
tqwt_TKEO_std_dec_30,0.01529718858243904
tqwt_maxValue_dec_17,0.014874876197306682
tqwt_medianValue_dec_23,0.014814501130442076
app_LT_entropy_shannon_4_coef,0.014801127720315416
std_MFCC_4th_coef,0.01405022659521287
tqwt_energy_dec_30,0.014043250690787124
det_entropy_shannon_1_coef,0.013807673269751602
meanHarmToNoiseHarmonicity,0.013616029871517225
tqwt_medianValue_dec_5,0.013601332866948632
tqwt_skewnessValue_dec_20,0.013479635266639822
det_LT_TKEO_std_2_coef,0.013413423331193771
tqwt_skewnessValue_dec_15,0.013260935285573781
std_MFCC_8th_coef,0.012559872937975811
tqwt_minValue_dec_12,0.012541394720730199
tqwt_meanValue_dec_22,0.012154778944274663
det_LT_TKEO_std_1_coef,0.012035795648303727
tqwt_entropy_log_dec_16,0.011757616264658141
tqwt_skewnessValue_dec_13,0.011434492216097812
det_entropy_shannon_2_coef,0.011375269825303139
tqwt_medianValue_dec_2,0.011059845609259466
tqwt_medianValue_dec_16,0.010621148688290344
tqwt_skewnessValue_dec_4,0.008038076757017634
tqwt_TKEO_mean_dec_28,0.007554760370583865
tqwt_minValue_dec_5,0.007313284815857345
det_entropy_log_3_coef,0.007135023349102965
tqwt_skewnessValue_dec_9,0.006767564955855581
app_TKEO_std_9_coef,0.006569096480119338
mean_1st_delta,0.006491384674783604
Ed2_6_coef,0.00623200641039516
tqwt_TKEO_std_dec_22,0.005263843272855579
tqwt_entropy_shannon_dec_19,0.005215179419659372
std_Log_energy,0.005182500097612464
app_det_TKEO_mean_4_coef,0.005022841369197576
tqwt_minValue_dec_36,0.004546708789909215
DFA,0.0034747641981037482
tqwt_kurtosisValue_dec_14,0.003009826675667755
tqwt_medianValue_dec_11,0.0029713497830526387
tqwt_meanValue_dec_15,0.002815087698873828
det_LT_TKEO_mean_1_coef,0.002206585806517914
tqwt_maxValue_dec_3,0.001558504646795898
tqwt_meanValue_dec_13,0.0011465804015945217
mean_11th_delta,0.0005429323374225124
VFER_std,0.0002752858570531211
det_LT_TKEO_mean_3_coef,0.0
app_LT_entropy_log_6_coef,0.0
app_LT_entropy_log_7_coef,0.0
tqwt_skewnessValue_dec_18,0.0
VFER_NSR_SEO,0.0
IMF_SNR_SEO,0.0
b3,0.0
tqwt_kurtosisValue_dec_10,0.0
det_TKEO_mean_5_coef,0.0
det_TKEO_mean_4_coef,0.0
det_TKEO_std_6_coef,0.0
det_TKEO_std_5_coef,0.0
det_TKEO_std_2_coef,0.0
det_TKEO_mean_6_coef,0.0
det_TKEO_std_1_coef,0.0
det_TKEO_mean_9_coef,0.0
tqwt_TKEO_mean_dec_31,0.0
tqwt_TKEO_mean_dec_32,0.0
tqwt_TKEO_std_dec_33,0.0
tqwt_TKEO_std_dec_34,0.0
tqwt_TKEO_std_dec_36,0.0
app_entropy_shannon_8_coef,0.0
det_entropy_log_7_coef,0.0
tqwt_TKEO_mean_dec_30,0.0
tqwt_TKEO_std_dec_31,0.0
tqwt_TKEO_std_dec_24,0.0
tqwt_TKEO_std_dec_14,0.0
app_LT_entropy_log_9_coef,0.0
app_LT_TKEO_mean_5_coef,0.0
app_LT_TKEO_mean_6_coef,0.0
det_LT_TKEO_std_8_coef,0.0
tqwt_TKEO_std_dec_15,0.0
tqwt_TKEO_std_dec_16,0.0
tqwt_TKEO_std_dec_20,0.0
tqwt_TKEO_std_dec_21,0.0
tqwt_TKEO_mean_dec_27,0.0
apq5Shimmer,0.0
apq3Shimmer,0.0
locShimmer,0.0
ddaShimmer,0.0
tqwt_TKEO_mean_dec_22,0.0
tqwt_medianValue_dec_20,0.0
det_entropy_log_6_coef,0.0
det_entropy_log_4_coef,0.0
det_TKEO_std_10_coef,0.0
tqwt_TKEO_mean_dec_24,0.0
det_TKEO_std_7_coef,0.0
tqwt_entropy_log_dec_30,0.0
app_entropy_shannon_7_coef,0.0
tqwt_TKEO_mean_dec_1,0.0
tqwt_TKEO_mean_dec_2,0.0
app_det_TKEO_mean_8_coef,0.0
tqwt_TKEO_mean_dec_34,0.0
app_entropy_shannon_1_coef,0.0
app_entropy_shannon_2_coef,0.0
det_TKEO_std_9_coef,0.0
tqwt_TKEO_mean_dec_13,0.0
tqwt_TKEO_mean_dec_17,0.0
tqwt_medianValue_dec_24,0.0
tqwt_TKEO_mean_dec_18,0.0
tqwt_medianValue_dec_35,0.0
tqwt_meanValue_dec_1,0.0
tqwt_meanValue_dec_3,0.0
tqwt_medianValue_dec_30,0.0
tqwt_meanValue_dec_6,0.0
tqwt_meanValue_dec_10,0.0
tqwt_medianValue_dec_18,0.0
det_entropy_shannon_3_coef,0.0
det_entropy_shannon_5_coef,0.0
tqwt_TKEO_std_dec_3,0.0
tqwt_TKEO_mean_dec_12,0.0
app_entropy_shannon_4_coef,0.0
tqwt_meanValue_dec_14,0.0
tqwt_stdValue_dec_4,0.0
tqwt_stdValue_dec_1,0.0
tqwt_entropy_log_dec_22,0.0
tqwt_entropy_shannon_dec_34,0.0
app_entropy_log_7_coef,0.0
app_entropy_log_8_coef,0.0
tqwt_meanValue_dec_16,0.0
app_entropy_log_9_coef,0.0
app_entropy_log_10_coef,0.0
det_TKEO_std_3_coef,0.0
det_TKEO_std_4_coef,0.0
tqwt_entropy_log_dec_32,0.0
tqwt_meanValue_dec_23,0.0
tqwt_meanValue_dec_26,0.0
tqwt_entropy_log_dec_23,0.0
tqwt_meanValue_dec_29,0.0
Ea,0.0
Ed_4_coef,0.0
tqwt_medianValue_dec_3,0.0
tqwt_medianValue_dec_12,0.0
tqwt_medianValue_dec_13,0.0
tqwt_medianValue_dec_14,0.0
tqwt_medianValue_dec_33,0.0
det_entropy_log_9_coef,0.0
det_entropy_log_10_coef,0.0
det_TKEO_mean_1_coef,0.0
det_TKEO_mean_2_coef,0.0
b4,0.0
VFER_mean,0.0
VFER_SNR_TKEO,0.0
VFER_SNR_SEO,0.0
tqwt_meanValue_dec_34,0.0
tqwt_meanValue_dec_33,0.0
Ed_10_coef,0.0
app_TKEO_std_10_coef,0.0
app_TKEO_std_8_coef,0.0
app_det_TKEO_mean_6_coef,0.0
det_LT_entropy_shannon_5_coef,0.0
det_LT_entropy_shannon_3_coef,0.0
Ed_5_coef,0.0
det_LT_entropy_shannon_2_coef,0.0
Ed2_9_coef,0.0
Ed_7_coef,0.0
Ed_3_coef,0.0
tqwt_entropy_shannon_dec_32,0.0
tqwt_stdValue_dec_12,0.0
tqwt_meanValue_dec_35,0.0
tqwt_stdValue_dec_20,0.0
tqwt_stdValue_dec_23,0.0
tqwt_meanValue_dec_31,0.0
tqwt_meanValue_dec_30,0.0
std_delta_log_energy,0.0
std_1st_delta,0.0
mean_3rd_delta_delta,0.0
std_11th_delta_delta,0.0
det_LT_entropy_shannon_9_coef,0.0
det_LT_entropy_shannon_10_coef,0.0
Ed2_2_coef,0.0
det_LT_entropy_log_2_coef,0.0
Ed2_3_coef,0.0
tqwt_entropy_shannon_dec_33,0.0
tqwt_entropy_shannon_dec_3,0.0
tqwt_stdValue_dec_11,0.0
tqwt_entropy_log_dec_8,0.0
tqwt_entropy_log_dec_7,0.0
tqwt_entropy_log_dec_4,0.0
tqwt_minValue_dec_3,0.0
tqwt_minValue_dec_4,0.0
tqwt_minValue_dec_7,0.0
tqwt_minValue_dec_18,0.0
tqwt_stdValue_dec_33,0.0
tqwt_stdValue_dec_27,0.0
std_MFCC_7th_coef,0.0
std_MFCC_9th_coef,0.0
tqwt_minValue_dec_22,0.0
tqwt_minValue_dec_24,0.0
tqwt_minValue_dec_26,0.0
tqwt_minValue_dec_27,0.0
tqwt_minValue_dec_21,0.0
tqwt_minValue_dec_28,0.0
det_LT_TKEO_std_3_coef,0.0
det_LT_TKEO_std_6_coef,0.0
det_LT_TKEO_std_5_coef,0.0
det_LT_entropy_shannon_7_coef,0.0
det_LT_entropy_log_3_coef,0.0
det_LT_entropy_log_4_coef,0.0
det_LT_TKEO_std_7_coef,0.0
tqwt_stdValue_dec_28,0.0
Ea2,0.0
tqwt_entropy_shannon_dec_15,0.0
tqwt_entropy_shannon_dec_17,0.0
tqwt_entropy_log_dec_2,0.0
Ed2_5_coef,0.0
Ed2_7_coef,0.0
tqwt_stdValue_dec_13,0.0
tqwt_minValue_dec_34,0.0
tqwt_minValue_dec_31,0.0
tqwt_minValue_dec_30,0.0
det_LT_entropy_log_10_coef,0.0
det_LT_entropy_log_8_coef,0.0
det_LT_entropy_log_9_coef,0.0
det_LT_entropy_log_7_coef,0.0
det_LT_entropy_log_6_coef,0.0
app_LT_entropy_shannon_2_coef,0.0
app_LT_entropy_shannon_9_coef,0.0
det_LT_TKEO_mean_6_coef,0.0
det_LT_TKEO_mean_5_coef,0.0
mean_10th_delta_delta,0.0
tqwt_energy_dec_15,0.0
mean_9th_delta_delta,0.0
mean_5th_delta_delta,0.0
tqwt_maxValue_dec_14,0.0
tqwt_maxValue_dec_6,0.0
tqwt_maxValue_dec_19,0.0
tqwt_maxValue_dec_20,0.0
tqwt_maxValue_dec_25,0.0
tqwt_maxValue_dec_26,0.0
tqwt_maxValue_dec_22,0.0
tqwt_maxValue_dec_23,0.0
tqwt_maxValue_dec_29,0.0
tqwt_maxValue_dec_27,0.0
tqwt_maxValue_dec_32,0.0
tqwt_maxValue_dec_31,0.0
det_LT_TKEO_mean_8_coef,0.0
det_LT_TKEO_mean_9_coef,0.0
app_LT_TKEO_std_1_coef,0.0
mean_6th_delta_delta,0.0
mean_9th_delta,0.0
mean_8th_delta,0.0
mean_4th_delta_delta,0.0
tqwt_maxValue_dec_33,0.0
tqwt_skewnessValue_dec_25,0.0
mean_12th_delta,0.0
IMF_NSR_entropy,0.0
mean_delta_delta_0th,0.0
mean_6th_delta,0.0
mean_7th_delta,0.0
tqwt_energy_dec_32,0.0
tqwt_energy_dec_27,0.0
tqwt_energy_dec_33,0.0
mean_MFCC_0th_coef,0.0
mean_MFCC_5th_coef,0.0
tqwt_skewnessValue_dec_2,0.0
tqwt_skewnessValue_dec_5,0.0
tqwt_energy_dec_9,0.0
tqwt_energy_dec_8,0.0
tqwt_skewnessValue_dec_7,0.0
tqwt_skewnessValue_dec_11,0.0
tqwt_skewnessValue_dec_8,0.0
rapJitter,0.0
b2,0.0
tqwt_skewnessValue_dec_33,0.0
tqwt_kurtosisValue_dec_4,0.0
tqwt_kurtosisValue_dec_5,0.0
app_LT_TKEO_std_7_coef,0.0
app_LT_TKEO_std_8_coef,0.0
tqwt_energy_dec_3,0.0
tqwt_kurtosisValue_dec_7,0.0
PPE,0.0
